Suite/Test/Step Name,Browser,Description,Tag,Start time,End time,Duration,Status
AgencyPortal_SmokeTest_WC,Chrome 115.0.0.0,,,2024-04-09 14:38:44,2024-04-09 15:11:42,32m - 58.056s,FAILED
,,,,,,,
Test Cases/Portal_WorkersCompensation/WC_SmokeTest_AllState/Portal_SmokeTest_IAState,Chrome 115.0.0.0,,,2024-04-09 14:38:44,2024-04-09 14:43:54,5m - 10.007s,FAILED
"comment(""Portal Smoke Test"")",Chrome 115.0.0.0,,,2024-04-09 14:38:45,2024-04-09 14:38:45,0.077s,PASSED
"callTestCase(findTestCase(""Portal_Pages/Portal_CommonScreens/Portal_Login""), [""Portal_Username"":Portal_Username, ""Portal_Password"":Portal_Password], STOP_ON_FAILURE)",Chrome 115.0.0.0,,,2024-04-09 14:38:45,2024-04-09 14:39:51,1m - 6.089s,PASSED
"click(findTestObject(""Object Repository/Portal/Portal_Common_Tab_Quote""))",Chrome 115.0.0.0,,,2024-04-09 14:39:51,2024-04-09 14:40:04,13.205s,PASSED
"comment(""User is able to Initiate the quote successfully"")",Chrome 115.0.0.0,,,2024-04-09 14:40:04,2024-04-09 14:40:04,0.006s,PASSED
"verifyElementText(findTestObject(""Object Repository/Portal/Portal_Quote_Header_NewBusinessDashboard""), ""New Business Dashboard"")",Chrome 115.0.0.0,,,2024-04-09 14:40:04,2024-04-09 14:40:34,30.261s,PASSED
"click(findTestObject(""Object Repository/Portal/Portal_Quote_Title_StartANewBusiness""))",Chrome 115.0.0.0,,,2024-04-09 14:40:34,2024-04-09 14:41:04,30.221s,PASSED
"click(findTestObject(""Object Repository/Portal/Portal_Quote_Dropdown_SelectLineOfBusiness""))",Chrome 115.0.0.0,,,2024-04-09 14:41:04,2024-04-09 14:41:35,30.357s,PASSED
"click(findTestObject(""Object Repository/Portal/Portal_LOB_TypeList_WorkersComp""))",Chrome 115.0.0.0,,,2024-04-09 14:41:35,2024-04-09 14:42:05,30.175s,PASSED
"click(findTestObject(""Object Repository/Portal/Portal_Common_Button_Next""))",Chrome 115.0.0.0,,,2024-04-09 14:42:05,2024-04-09 14:42:37,32.132s,PASSED
"verifyElementText(findTestObject(""Object Repository/Portal/Portal_PreQual_Title_PreQualification""), ""Pre-Qualification"")",Chrome 115.0.0.0,,,2024-04-09 14:42:37,2024-04-09 14:42:39,1.979s,PASSED
"comment(""Prequalification statement should be displayed."")",Chrome 115.0.0.0,,,2024-04-09 14:42:39,2024-04-09 14:42:39,0.003s,PASSED
"click(findTestObject(""Object Repository/Portal/Portal_PreQual_CheckBox_RiskDoesNotHaveAny""))",Chrome 115.0.0.0,,,2024-04-09 14:42:39,2024-04-09 14:42:40,0.506s,PASSED
"click(findTestObject(""Object Repository/Portal/Portal_PreQual_Button_Agree""))",Chrome 115.0.0.0,,,2024-04-09 14:42:40,2024-04-09 14:42:40,0.648s,PASSED
"waitForElementHasAttribute(findTestObject(""Object Repository/Portal/Portal_AccInfo_Header_AccInfo""), ""Step 1: Account Information"", 10)",Chrome 115.0.0.0,,,2024-04-09 14:42:40,2024-04-09 14:42:52,11.418s,PASSED
"verifyElementText(findTestObject(""Object Repository/Portal/Portal_AccInfo_Header_AccInfo""), ""Step 1: Account Information"")",Chrome 115.0.0.0,,,2024-04-09 14:42:52,2024-04-09 14:42:52,0.535s,PASSED
"comment(""User successfully navigated to Account Information screen"")",Chrome 115.0.0.0,,,2024-04-09 14:42:52,2024-04-09 14:42:52,0.003s,PASSED
"click(findTestObject(""Object Repository/Portal/Portal_AccInfo_Dropdown_SearchOrQuoteFor""))",Chrome 115.0.0.0,,,2024-04-09 14:42:52,2024-04-09 14:42:53,0.639s,PASSED
"click(findTestObject(""Object Repository/Portal/Portal_AccInfo_TypeList_Individual""))",Chrome 115.0.0.0,,,2024-04-09 14:42:53,2024-04-09 14:42:53,0.641s,PASSED
"setText(findTestObject(""Object Repository/Portal/Portal_AccInfo_TextBox_FirstName""), ""Auto_FirstName"")",Chrome 115.0.0.0,,,2024-04-09 14:42:53,2024-04-09 14:42:55,1.128s,PASSED
"setText(findTestObject(""Object Repository/Portal/Portal_AccInfo_TextBox_LastName""), ""LastName"" + RandomStringUtils.randomAlphabetic(5))",Chrome 115.0.0.0,,,2024-04-09 14:42:55,2024-04-09 14:42:56,1.031s,PASSED
"setText(findTestObject(""Object Repository/Portal/Portal_AccInfo_TextBox_ZipCode""), ""52246"")",Chrome 115.0.0.0,,,2024-04-09 14:42:56,2024-04-09 14:42:57,0.941s,PASSED
"click(findTestObject(""Object Repository/Portal/Portal_AccInfo_Button_CreateNewAcc""))",Chrome 115.0.0.0,,,2024-04-09 14:42:57,2024-04-09 14:42:57,0.634s,PASSED
"verifyElementText(findTestObject(""Object Repository/Portal/Portal_AccInfo_SubTitle_AddNewAcc""), ""Add a New Account"")",Chrome 115.0.0.0,,,2024-04-09 14:42:57,2024-04-09 14:42:58,1.049s,PASSED
"mouseOver(findTestObject(""Object Repository/Portal/Portal_AccountInfo_Dropdown_ProducerCode""), STOP_ON_FAILURE)",Chrome 115.0.0.0,,,2024-04-09 14:42:58,2024-04-09 14:42:59,0.680s,PASSED
"setText(findTestObject(""Object Repository/Portal/Portal_AccInfo_TextBox_Address""), ""919 Highway 1 W"")",Chrome 115.0.0.0,,,2024-04-09 14:42:59,2024-04-09 14:43:00,1.015s,PASSED
"sendKeys(findTestObject(""Object Repository/Portal/Portal_AccInfo_TextBox_Address""), Keys.chord(SPACE))",Chrome 115.0.0.0,,,2024-04-09 14:43:00,2024-04-09 14:43:01,0.858s,PASSED
"click(findTestObject(""Object Repository/Portal/Portal_AccInfo_TypeList_1stAddress""), OPTIONAL)",Chrome 115.0.0.0,,,2024-04-09 14:43:01,2024-04-09 14:43:02,0.725s,PASSED
waitForPageLoad(10),Chrome 115.0.0.0,,,2024-04-09 14:43:02,2024-04-09 14:43:02,0.012s,PASSED
"mouseOver(findTestObject(""Object Repository/Portal/Portal_AccountInfo_Dropdown_ProducerCode""))",Chrome 115.0.0.0,,,2024-04-09 14:43:02,2024-04-09 14:43:02,0.901s,PASSED
"click(findTestObject(""Object Repository/Portal/Portal_AccountInfo_Dropdown_ProducerCode""))",Chrome 115.0.0.0,,,2024-04-09 14:43:02,2024-04-09 14:43:03,0.598s,PASSED
"mouseOver(findTestObject(""Object Repository/Portal/Portal_AccInfo_TypeList_2059HouseCode""))",Chrome 115.0.0.0,,,2024-04-09 14:43:03,2024-04-09 14:43:04,0.761s,PASSED
"click(findTestObject(""Object Repository/Portal/Portal_AccInfo_TypeList_2059HouseCode""))",Chrome 115.0.0.0,,,2024-04-09 14:43:04,2024-04-09 14:43:04,0.635s,PASSED
"click(findTestObject(""Object Repository/Portal/Portal_AccInfo_Button_AddAccount""))",Chrome 115.0.0.0,,,2024-04-09 14:43:04,2024-04-09 14:43:05,0.656s,PASSED
"click(findTestObject(""Object Repository/Portal/Portal_StandardizeAddress_Button_Continue""))",Chrome 115.0.0.0,,,2024-04-09 14:43:05,2024-04-09 14:43:06,0.926s,PASSED
"AccountNumber = getText(findTestObject(""Portal/Portal_NewAccountCreated_Label_AccountNum""))",Chrome 115.0.0.0,,,2024-04-09 14:43:06,2024-04-09 14:43:07,1.247s,PASSED
"click(findTestObject(""Portal/Portal_NewAccountCreated_Button_Continue""))",Chrome 115.0.0.0,,,2024-04-09 14:43:07,2024-04-09 14:43:08,0.611s,PASSED
"click(findTestObject(""Object Repository/Portal/Portal_PolicyDetails_Dropdown_OrgType""))",Chrome 115.0.0.0,,,2024-04-09 14:43:08,2024-04-09 14:43:12,4.038s,PASSED
"click(findTestObject(""Object Repository/Portal/Portal_PolDetails_OrgType_TypeList_Individual""))",Chrome 115.0.0.0,,,2024-04-09 14:43:12,2024-04-09 14:43:13,0.650s,PASSED
"mouseOver(findTestObject(""Object Repository/Portal/Portal_PolDetails_TextBox_SSN""), STOP_ON_FAILURE)",Chrome 115.0.0.0,,,2024-04-09 14:43:13,2024-04-09 14:43:13,0.738s,PASSED
"click(findTestObject(""Object Repository/Portal/Portal_PolDetails_TextBox_SSN""), STOP_ON_FAILURE)",Chrome 115.0.0.0,,,2024-04-09 14:43:13,2024-04-09 14:43:14,0.575s,PASSED
"sendKeys(findTestObject(""Object Repository/Portal/Portal_PolDetails_TextBox_SSN""), Keys.chord(""123456789""))",Chrome 115.0.0.0,,,2024-04-09 14:43:14,2024-04-09 14:43:15,0.786s,PASSED
"click(findTestObject(""Object Repository/Portal/Portal_PolicyDetails_Button_Save""))",Chrome 115.0.0.0,,,2024-04-09 14:43:15,2024-04-09 14:43:15,0.664s,PASSED
takeFullPageScreenshot(),Chrome 115.0.0.0,,,2024-04-09 14:43:15,2024-04-09 14:43:17,1.596s,PASSED
"click(findTestObject(""Object Repository/Portal/Portal_Common_Button_NextLoc""))",Chrome 115.0.0.0,,,2024-04-09 14:43:17,2024-04-09 14:43:18,0.653s,PASSED
"waitForElementHasAttribute(findTestObject(""Object Repository/Portal/Portal_Loc_Header_Loc""), ""Step 3: Locations"", 10)",Chrome 115.0.0.0,,,2024-04-09 14:43:18,2024-04-09 14:43:30,12.695s,PASSED
"verifyElementText(findTestObject(""Object Repository/Portal/Portal_Loc_Header_Loc""), ""Step 3: Locations"")",Chrome 115.0.0.0,,,2024-04-09 14:43:30,2024-04-09 14:43:31,0.533s,PASSED
"setText(findTestObject(""Object Repository/Portal/Portal_Loc_TextBox_MaxNumOfEmp""), ""51"")",Chrome 115.0.0.0,,,2024-04-09 14:43:31,2024-04-09 14:43:32,0.989s,PASSED
"click(findTestObject(""Object Repository/Portal/Portal_Loc_TextBox_WorkClassification""))",Chrome 115.0.0.0,,,2024-04-09 14:43:32,2024-04-09 14:43:33,0.832s,PASSED
"click(findTestObject(""Object Repository/Portal/Portal_Loc_WorkClassification_TypeList_0005""))",Chrome 115.0.0.0,,,2024-04-09 14:43:33,2024-04-09 14:43:33,0.745s,PASSED
"setText(findTestObject(""Object Repository/Portal/Portal_Loc_TextBox_TotalPayroll""), ""5000"")",Chrome 115.0.0.0,,,2024-04-09 14:43:33,2024-04-09 14:43:35,1.133s,PASSED
"setText(findTestObject(""Object Repository/Portal/Portal_Loc_TextBox_FullTimeEmployees""), ""10"")",Chrome 115.0.0.0,,,2024-04-09 14:43:35,2024-04-09 14:43:36,1.080s,PASSED
"setText(findTestObject(""Object Repository/Portal/Portal_Loc_TextBox_PartTimeEmployees""), ""10"")",Chrome 115.0.0.0,,,2024-04-09 14:43:36,2024-04-09 14:43:37,1.192s,PASSED
"click(findTestObject(""Object Repository/Portal/Portal_Loc_Button_Save""))",Chrome 115.0.0.0,,,2024-04-09 14:43:37,2024-04-09 14:43:38,0.688s,PASSED
takeFullPageScreenshot(),Chrome 115.0.0.0,,,2024-04-09 14:43:38,2024-04-09 14:43:39,1.024s,PASSED
"click(findTestObject(""Object Repository/Portal/Portal_Common_Button_NextStateCov""))",Chrome 115.0.0.0,,,2024-04-09 14:43:39,2024-04-09 14:43:39,0.563s,PASSED
"waitForElementHasAttribute(findTestObject(""Object Repository/Portal/Portal_Cov_Header_Coverages""), ""Step 4: Coverages"", 10)",Chrome 115.0.0.0,,,2024-04-09 14:43:39,2024-04-09 14:43:51,12.382s,PASSED
"verifyElementText(findTestObject(""Object Repository/Portal/Portal_Cov_Header_Coverages""), ""Step 4: Coverages"")",Chrome 115.0.0.0,,,2024-04-09 14:43:51,2024-04-09 14:43:52,0.395s,PASSED
"click(findTestObject(""Portal/Portal_StateCov_Chkbox_ExpRating""))",Chrome 115.0.0.0,,,2024-04-09 14:43:52,2024-04-09 14:43:52,0.486s,PASSED
"setText(findTestObject(""Portal/Portal_StateCov_input_ExpRating""), ""3.22"")",Chrome 115.0.0.0,,,2024-04-09 14:43:52,2024-04-09 14:43:54,1.531s,FAILED
,,,,,,,
Test Cases/Portal_WorkersCompensation/WC_SmokeTest_AllState/Portal_SmokeTest_ILState,Chrome 115.0.0.0,,,2024-04-09 14:43:54,2024-04-09 14:48:40,4m - 46.240s,FAILED
"comment(""Portal Smoke Test"")",Chrome 115.0.0.0,,,2024-04-09 14:43:55,2024-04-09 14:43:55,0.002s,PASSED
"callTestCase(findTestCase(""Portal_Pages/Portal_CommonScreens/Portal_Login""), [""Portal_Username"":Portal_Username, ""Portal_Password"":Portal_Password], STOP_ON_FAILURE)",Chrome 115.0.0.0,,,2024-04-09 14:43:55,2024-04-09 14:44:52,57.121s,PASSED
"click(findTestObject(""Object Repository/Portal/Portal_Common_Tab_Quote""))",Chrome 115.0.0.0,,,2024-04-09 14:44:52,2024-04-09 14:44:59,7.189s,PASSED
"comment(""User is able to Initiate the quote successfully"")",Chrome 115.0.0.0,,,2024-04-09 14:44:59,2024-04-09 14:44:59,0.001s,PASSED
"verifyElementText(findTestObject(""Object Repository/Portal/Portal_Quote_Header_NewBusinessDashboard""), ""New Business Dashboard"")",Chrome 115.0.0.0,,,2024-04-09 14:44:59,2024-04-09 14:45:30,30.209s,PASSED
"click(findTestObject(""Object Repository/Portal/Portal_Quote_Title_StartANewBusiness""))",Chrome 115.0.0.0,,,2024-04-09 14:45:30,2024-04-09 14:46:00,30.203s,PASSED
"click(findTestObject(""Object Repository/Portal/Portal_Quote_Dropdown_SelectLineOfBusiness""))",Chrome 115.0.0.0,,,2024-04-09 14:46:00,2024-04-09 14:46:05,5.481s,PASSED
"click(findTestObject(""Object Repository/Portal/Portal_LOB_TypeList_WorkersComp""))",Chrome 115.0.0.0,,,2024-04-09 14:46:05,2024-04-09 14:46:06,0.536s,PASSED
"click(findTestObject(""Object Repository/Portal/Portal_Common_Button_Next""))",Chrome 115.0.0.0,,,2024-04-09 14:46:06,2024-04-09 14:46:08,1.972s,PASSED
"verifyElementText(findTestObject(""Object Repository/Portal/Portal_PreQual_Title_PreQualification""), ""Pre-Qualification"")",Chrome 115.0.0.0,,,2024-04-09 14:46:08,2024-04-09 14:46:10,2.234s,PASSED
"comment(""Prequalification statement should be displayed."")",Chrome 115.0.0.0,,,2024-04-09 14:46:10,2024-04-09 14:46:10,0.002s,PASSED
"click(findTestObject(""Object Repository/Portal/Portal_PreQual_CheckBox_RiskDoesNotHaveAny""))",Chrome 115.0.0.0,,,2024-04-09 14:46:10,2024-04-09 14:46:11,0.519s,PASSED
"click(findTestObject(""Object Repository/Portal/Portal_PreQual_Button_Agree""))",Chrome 115.0.0.0,,,2024-04-09 14:46:11,2024-04-09 14:46:11,0.669s,PASSED
"waitForElementHasAttribute(findTestObject(""Object Repository/Portal/Portal_AccInfo_Header_AccInfo""), ""Step 1: Account Information"", 10)",Chrome 115.0.0.0,,,2024-04-09 14:46:11,2024-04-09 14:46:22,11.148s,PASSED
"verifyElementText(findTestObject(""Object Repository/Portal/Portal_AccInfo_Header_AccInfo""), ""Step 1: Account Information"")",Chrome 115.0.0.0,,,2024-04-09 14:46:22,2024-04-09 14:46:23,0.489s,PASSED
"comment(""User successfully navigated to Account Information screen"")",Chrome 115.0.0.0,,,2024-04-09 14:46:23,2024-04-09 14:46:23,0.002s,PASSED
"click(findTestObject(""Object Repository/Portal/Portal_AccInfo_Dropdown_SearchOrQuoteFor""))",Chrome 115.0.0.0,,,2024-04-09 14:46:23,2024-04-09 14:46:23,0.491s,PASSED
"click(findTestObject(""Object Repository/Portal/Portal_AccInfo_TypeList_Individual""))",Chrome 115.0.0.0,,,2024-04-09 14:46:23,2024-04-09 14:46:24,0.596s,PASSED
"setText(findTestObject(""Object Repository/Portal/Portal_AccInfo_TextBox_FirstName""), ""Auto_FirstName"")",Chrome 115.0.0.0,,,2024-04-09 14:46:24,2024-04-09 14:46:25,1.212s,PASSED
"setText(findTestObject(""Object Repository/Portal/Portal_AccInfo_TextBox_LastName""), ""LastName"" + RandomStringUtils.randomAlphabetic(5))",Chrome 115.0.0.0,,,2024-04-09 14:46:25,2024-04-09 14:46:26,1.048s,PASSED
"setText(findTestObject(""Object Repository/Portal/Portal_AccInfo_TextBox_ZipCode""), ""60614"")",Chrome 115.0.0.0,,,2024-04-09 14:46:26,2024-04-09 14:46:27,0.946s,PASSED
"click(findTestObject(""Object Repository/Portal/Portal_AccInfo_Button_CreateNewAcc""))",Chrome 115.0.0.0,,,2024-04-09 14:46:27,2024-04-09 14:46:28,0.585s,PASSED
"verifyElementText(findTestObject(""Object Repository/Portal/Portal_AccInfo_SubTitle_AddNewAcc""), ""Add a New Account"")",Chrome 115.0.0.0,,,2024-04-09 14:46:28,2024-04-09 14:46:29,1.026s,PASSED
"mouseOver(findTestObject(""Object Repository/Portal/Portal_AccountInfo_Dropdown_ProducerCode""), STOP_ON_FAILURE)",Chrome 115.0.0.0,,,2024-04-09 14:46:29,2024-04-09 14:46:29,0.659s,PASSED
"setText(findTestObject(""Object Repository/Portal/Portal_AccInfo_TextBox_Address""), ""10850 Lincoln Trail"")",Chrome 115.0.0.0,,,2024-04-09 14:46:29,2024-04-09 14:46:30,1.106s,PASSED
"sendKeys(findTestObject(""Object Repository/Portal/Portal_AccInfo_TextBox_Address""), Keys.chord(SPACE))",Chrome 115.0.0.0,,,2024-04-09 14:46:30,2024-04-09 14:46:31,0.774s,PASSED
"click(findTestObject(""Object Repository/Portal/Portal_AccInfo_TypeList_1stAddress""), OPTIONAL)",Chrome 115.0.0.0,,,2024-04-09 14:46:31,2024-04-09 14:46:32,0.635s,PASSED
waitForPageLoad(10),Chrome 115.0.0.0,,,2024-04-09 14:46:32,2024-04-09 14:46:32,0.025s,PASSED
"mouseOver(findTestObject(""Object Repository/Portal/Portal_AccountInfo_Dropdown_ProducerCode""))",Chrome 115.0.0.0,,,2024-04-09 14:46:32,2024-04-09 14:46:33,0.736s,PASSED
"click(findTestObject(""Object Repository/Portal/Portal_AccountInfo_Dropdown_ProducerCode""))",Chrome 115.0.0.0,,,2024-04-09 14:46:33,2024-04-09 14:46:33,0.513s,PASSED
"mouseOver(findTestObject(""Object Repository/Portal/Portal_AccInfo_TypeList_2059HouseCode""))",Chrome 115.0.0.0,,,2024-04-09 14:46:33,2024-04-09 14:46:34,0.772s,PASSED
"click(findTestObject(""Object Repository/Portal/Portal_AccInfo_TypeList_2059HouseCode""))",Chrome 115.0.0.0,,,2024-04-09 14:46:34,2024-04-09 14:46:35,0.636s,PASSED
"click(findTestObject(""Object Repository/Portal/Portal_AccInfo_Button_AddAccount""))",Chrome 115.0.0.0,,,2024-04-09 14:46:35,2024-04-09 14:46:35,0.674s,PASSED
"click(findTestObject(""Object Repository/Portal/Portal_StandardizeAddress_Button_Continue""))",Chrome 115.0.0.0,,,2024-04-09 14:46:35,2024-04-09 14:46:37,1.479s,PASSED
"AccountNumber = getText(findTestObject(""Portal/Portal_NewAccountCreated_Label_AccountNum""))",Chrome 115.0.0.0,,,2024-04-09 14:46:37,2024-04-09 14:46:38,1.202s,PASSED
"click(findTestObject(""Portal/Portal_NewAccountCreated_Button_Continue""))",Chrome 115.0.0.0,,,2024-04-09 14:46:38,2024-04-09 14:46:39,0.679s,PASSED
"click(findTestObject(""Object Repository/Portal/Portal_PolicyDetails_Dropdown_OrgType""))",Chrome 115.0.0.0,,,2024-04-09 14:46:39,2024-04-09 14:46:42,3.501s,PASSED
"click(findTestObject(""Object Repository/Portal/Portal_PolDetails_OrgType_TypeList_Individual""))",Chrome 115.0.0.0,,,2024-04-09 14:46:42,2024-04-09 14:46:43,0.677s,PASSED
"mouseOver(findTestObject(""Object Repository/Portal/Portal_PolDetails_TextBox_SSN""), STOP_ON_FAILURE)",Chrome 115.0.0.0,,,2024-04-09 14:46:43,2024-04-09 14:46:44,0.773s,PASSED
"click(findTestObject(""Object Repository/Portal/Portal_PolDetails_TextBox_SSN""), STOP_ON_FAILURE)",Chrome 115.0.0.0,,,2024-04-09 14:46:44,2024-04-09 14:46:44,0.641s,PASSED
"sendKeys(findTestObject(""Object Repository/Portal/Portal_PolDetails_TextBox_SSN""), Keys.chord(""123456789""))",Chrome 115.0.0.0,,,2024-04-09 14:46:44,2024-04-09 14:46:45,0.689s,PASSED
"click(findTestObject(""Object Repository/Portal/Portal_PolicyDetails_Button_Save""))",Chrome 115.0.0.0,,,2024-04-09 14:46:45,2024-04-09 14:46:46,0.724s,PASSED
takeFullPageScreenshot(),Chrome 115.0.0.0,,,2024-04-09 14:46:46,2024-04-09 14:46:47,1.459s,PASSED
"click(findTestObject(""Object Repository/Portal/Portal_Common_Button_NextLoc""))",Chrome 115.0.0.0,,,2024-04-09 14:46:47,2024-04-09 14:46:48,0.614s,PASSED
"waitForElementHasAttribute(findTestObject(""Object Repository/Portal/Portal_Loc_Header_Loc""), ""Step 3: Locations"", 10)",Chrome 115.0.0.0,,,2024-04-09 14:46:48,2024-04-09 14:47:01,13.670s,PASSED
"verifyElementText(findTestObject(""Object Repository/Portal/Portal_Loc_Header_Loc""), ""Step 3: Locations"")",Chrome 115.0.0.0,,,2024-04-09 14:47:01,2024-04-09 14:47:02,0.497s,PASSED
"setText(findTestObject(""Object Repository/Portal/Portal_Loc_TextBox_MaxNumOfEmp""), ""51"")",Chrome 115.0.0.0,,,2024-04-09 14:47:02,2024-04-09 14:47:03,0.896s,PASSED
"click(findTestObject(""Object Repository/Portal/Portal_Loc_TextBox_WorkClassification""))",Chrome 115.0.0.0,,,2024-04-09 14:47:03,2024-04-09 14:47:04,0.889s,PASSED
"click(findTestObject(""Object Repository/Portal/Portal_Loc_WorkClassification_TypeList_0005""))",Chrome 115.0.0.0,,,2024-04-09 14:47:04,2024-04-09 14:47:04,0.696s,PASSED
"setText(findTestObject(""Object Repository/Portal/Portal_Loc_TextBox_TotalPayroll""), ""5000"")",Chrome 115.0.0.0,,,2024-04-09 14:47:04,2024-04-09 14:47:05,1.018s,PASSED
"setText(findTestObject(""Object Repository/Portal/Portal_Loc_TextBox_FullTimeEmployees""), ""10"")",Chrome 115.0.0.0,,,2024-04-09 14:47:05,2024-04-09 14:47:06,1.016s,PASSED
"setText(findTestObject(""Object Repository/Portal/Portal_Loc_TextBox_PartTimeEmployees""), ""10"")",Chrome 115.0.0.0,,,2024-04-09 14:47:06,2024-04-09 14:47:07,1.059s,PASSED
"click(findTestObject(""Object Repository/Portal/Portal_Loc_Button_Save""))",Chrome 115.0.0.0,,,2024-04-09 14:47:07,2024-04-09 14:47:08,0.677s,PASSED
takeFullPageScreenshot(),Chrome 115.0.0.0,,,2024-04-09 14:47:08,2024-04-09 14:47:09,1.007s,PASSED
"click(findTestObject(""Object Repository/Portal/Portal_Common_Button_NextStateCov""))",Chrome 115.0.0.0,,,2024-04-09 14:47:09,2024-04-09 14:47:10,0.561s,PASSED
"waitForElementHasAttribute(findTestObject(""Object Repository/Portal/Portal_Cov_Header_Coverages""), ""Step 4: Coverages"", 10)",Chrome 115.0.0.0,,,2024-04-09 14:47:10,2024-04-09 14:47:22,12.023s,PASSED
"verifyElementText(findTestObject(""Object Repository/Portal/Portal_Cov_Header_Coverages""), ""Step 4: Coverages"")",Chrome 115.0.0.0,,,2024-04-09 14:47:22,2024-04-09 14:47:22,0.435s,PASSED
"click(findTestObject(""Portal/Portal_StateCov_Chkbox_ExpRating""))",Chrome 115.0.0.0,,,2024-04-09 14:47:22,2024-04-09 14:47:23,0.581s,PASSED
"setText(findTestObject(""Portal/Portal_StateCov_input_ExpRating""), ""3.22"")",Chrome 115.0.0.0,,,2024-04-09 14:47:23,2024-04-09 14:47:26,2.824s,PASSED
"click(findTestObject(""Portal/Portal_StateCov_Checkbox_ContractingClassAdj""))",Chrome 115.0.0.0,,,2024-04-09 14:47:26,2024-04-09 14:47:26,0.586s,PASSED
"click(findTestObject(""Portal/Portal_StateCov_TypeList_ContractingClassAdj""))",Chrome 115.0.0.0,,,2024-04-09 14:47:26,2024-04-09 14:47:28,1.556s,PASSED
"click(findTestObject(""Portal/Portal_StateCov_Select_Credit_5_ContractingClassAdj""))",Chrome 115.0.0.0,,,2024-04-09 14:47:28,2024-04-09 14:47:28,0.710s,PASSED
"click(findTestObject(""Portal/Portal_StateCov_Checkbox_BenefitsDeductibleEnd""))",Chrome 115.0.0.0,,,2024-04-09 14:47:28,2024-04-09 14:47:30,1.665s,PASSED
"click(findTestObject(""Object Repository/Portal/Portal_StateCov_Button_NextLineCov""))",Chrome 115.0.0.0,,,2024-04-09 14:47:30,2024-04-09 14:47:32,1.742s,PASSED
"click(findTestObject(""Object Repository/Portal/Portal_LineCov_button_NextSupplementalQues""))",Chrome 115.0.0.0,,,2024-04-09 14:47:32,2024-04-09 14:47:34,1.897s,PASSED
"click(findTestObject(""Object Repository/Portal/Portal_Supplemental_CheckBox_IhaveReviewed""))",Chrome 115.0.0.0,,,2024-04-09 14:47:34,2024-04-09 14:47:36,2.480s,PASSED
takeFullPageScreenshot(),Chrome 115.0.0.0,,,2024-04-09 14:47:36,2024-04-09 14:47:38,2.272s,PASSED
"click(findTestObject(""Object Repository/Portal/Portal_Common_Button_NextQuote""))",Chrome 115.0.0.0,,,2024-04-09 14:47:38,2024-04-09 14:47:39,0.605s,PASSED
"waitForElementHasAttribute(findTestObject(""Object Repository/Portal/Portal_Quote_Header_Quote""), ""Step 6: Quote"", 10)",Chrome 115.0.0.0,,,2024-04-09 14:47:39,2024-04-09 14:48:20,40.554s,PASSED
"verifyElementText(findTestObject(""Object Repository/Portal/Portal_Quote_Header_Quote""), ""Step 6: Quote"")",Chrome 115.0.0.0,,,2024-04-09 14:48:20,2024-04-09 14:48:40,20.563s,FAILED
,,,,,,,
Test Cases/Portal_WorkersCompensation/WC_SmokeTest_AllState/Portal_SmokeTest_WIState,Chrome 115.0.0.0,,,2024-04-09 14:48:40,2024-04-09 15:01:33,12m - 53.091s,FAILED
"comment(""Portal Smoke Test"")",Chrome 115.0.0.0,,,2024-04-09 14:48:41,2024-04-09 14:48:41,0.003s,PASSED
"callTestCase(findTestCase(""Portal_Pages/Portal_CommonScreens/Portal_Login""), [""Portal_Username"":Portal_Username, ""Portal_Password"":Portal_Password], STOP_ON_FAILURE)",Chrome 115.0.0.0,,,2024-04-09 14:48:41,2024-04-09 14:49:38,57.490s,PASSED
"click(findTestObject(""Object Repository/Portal/Portal_Common_Tab_Quote""))",Chrome 115.0.0.0,,,2024-04-09 14:49:38,2024-04-09 14:49:46,7.617s,PASSED
"comment(""User is able to Initiate the quote successfully"")",Chrome 115.0.0.0,,,2024-04-09 14:49:46,2024-04-09 14:49:46,0.003s,PASSED
"verifyElementText(findTestObject(""Object Repository/Portal/Portal_Quote_Header_NewBusinessDashboard""), ""New Business Dashboard"")",Chrome 115.0.0.0,,,2024-04-09 14:49:46,2024-04-09 14:50:16,30.247s,PASSED
"click(findTestObject(""Object Repository/Portal/Portal_Quote_Title_StartANewBusiness""))",Chrome 115.0.0.0,,,2024-04-09 14:50:16,2024-04-09 14:50:47,30.310s,PASSED
"click(findTestObject(""Object Repository/Portal/Portal_Quote_Dropdown_SelectLineOfBusiness""))",Chrome 115.0.0.0,,,2024-04-09 14:50:47,2024-04-09 14:51:17,30.251s,PASSED
"click(findTestObject(""Object Repository/Portal/Portal_LOB_TypeList_WorkersComp""))",Chrome 115.0.0.0,,,2024-04-09 14:51:17,2024-04-09 14:51:47,30.272s,PASSED
"click(findTestObject(""Object Repository/Portal/Portal_Common_Button_Next""))",Chrome 115.0.0.0,,,2024-04-09 14:51:47,2024-04-09 14:52:19,31.623s,PASSED
"verifyElementText(findTestObject(""Object Repository/Portal/Portal_PreQual_Title_PreQualification""), ""Pre-Qualification"")",Chrome 115.0.0.0,,,2024-04-09 14:52:19,2024-04-09 14:52:21,2.474s,PASSED
"comment(""Prequalification statement should be displayed."")",Chrome 115.0.0.0,,,2024-04-09 14:52:21,2024-04-09 14:52:21,0.002s,PASSED
"click(findTestObject(""Object Repository/Portal/Portal_PreQual_CheckBox_RiskDoesNotHaveAny""))",Chrome 115.0.0.0,,,2024-04-09 14:52:21,2024-04-09 14:52:22,0.457s,PASSED
"click(findTestObject(""Object Repository/Portal/Portal_PreQual_Button_Agree""))",Chrome 115.0.0.0,,,2024-04-09 14:52:22,2024-04-09 14:52:22,0.626s,PASSED
"waitForElementHasAttribute(findTestObject(""Object Repository/Portal/Portal_AccInfo_Header_AccInfo""), ""Step 1: Account Information"", 10)",Chrome 115.0.0.0,,,2024-04-09 14:52:22,2024-04-09 14:52:33,11.066s,PASSED
"verifyElementText(findTestObject(""Object Repository/Portal/Portal_AccInfo_Header_AccInfo""), ""Step 1: Account Information"")",Chrome 115.0.0.0,,,2024-04-09 14:52:33,2024-04-09 14:52:34,0.446s,PASSED
"comment(""User successfully navigated to Account Information screen"")",Chrome 115.0.0.0,,,2024-04-09 14:52:34,2024-04-09 14:52:34,0.002s,PASSED
"click(findTestObject(""Object Repository/Portal/Portal_AccInfo_Dropdown_SearchOrQuoteFor""))",Chrome 115.0.0.0,,,2024-04-09 14:52:34,2024-04-09 14:52:34,0.577s,PASSED
"click(findTestObject(""Object Repository/Portal/Portal_AccInfo_TypeList_Individual""))",Chrome 115.0.0.0,,,2024-04-09 14:52:34,2024-04-09 14:52:35,0.656s,PASSED
"setText(findTestObject(""Object Repository/Portal/Portal_AccInfo_TextBox_FirstName""), ""Auto_FirstName"")",Chrome 115.0.0.0,,,2024-04-09 14:52:35,2024-04-09 14:52:36,1.241s,PASSED
"setText(findTestObject(""Object Repository/Portal/Portal_AccInfo_TextBox_LastName""), ""LastName"" + RandomStringUtils.randomAlphabetic(5))",Chrome 115.0.0.0,,,2024-04-09 14:52:36,2024-04-09 14:52:37,1.154s,PASSED
"setText(findTestObject(""Object Repository/Portal/Portal_AccInfo_TextBox_ZipCode""), ""54913"")",Chrome 115.0.0.0,,,2024-04-09 14:52:37,2024-04-09 14:52:38,0.863s,PASSED
"click(findTestObject(""Object Repository/Portal/Portal_AccInfo_Button_CreateNewAcc""))",Chrome 115.0.0.0,,,2024-04-09 14:52:38,2024-04-09 14:52:39,0.700s,PASSED
"verifyElementText(findTestObject(""Object Repository/Portal/Portal_AccInfo_SubTitle_AddNewAcc""), ""Add a New Account"")",Chrome 115.0.0.0,,,2024-04-09 14:52:39,2024-04-09 14:52:40,1.312s,PASSED
"mouseOver(findTestObject(""Object Repository/Portal/Portal_AccountInfo_Dropdown_ProducerCode""), STOP_ON_FAILURE)",Chrome 115.0.0.0,,,2024-04-09 14:52:40,2024-04-09 14:52:41,0.530s,PASSED
"setText(findTestObject(""Object Repository/Portal/Portal_AccInfo_TextBox_Address""), ""955 N Mutual Way"")",Chrome 115.0.0.0,,,2024-04-09 14:52:41,2024-04-09 14:52:42,0.885s,PASSED
"sendKeys(findTestObject(""Object Repository/Portal/Portal_AccInfo_TextBox_Address""), Keys.chord(SPACE))",Chrome 115.0.0.0,,,2024-04-09 14:52:42,2024-04-09 14:52:42,0.658s,PASSED
"click(findTestObject(""Object Repository/Portal/Portal_AccInfo_TypeList_1stAddress""), OPTIONAL)",Chrome 115.0.0.0,,,2024-04-09 14:52:42,2024-04-09 14:52:43,0.780s,PASSED
waitForPageLoad(10),Chrome 115.0.0.0,,,2024-04-09 14:52:43,2024-04-09 14:52:43,0.031s,PASSED
"mouseOver(findTestObject(""Object Repository/Portal/Portal_AccountInfo_Dropdown_ProducerCode""))",Chrome 115.0.0.0,,,2024-04-09 14:52:43,2024-04-09 14:52:44,0.848s,PASSED
"click(findTestObject(""Object Repository/Portal/Portal_AccountInfo_Dropdown_ProducerCode""))",Chrome 115.0.0.0,,,2024-04-09 14:52:44,2024-04-09 14:52:45,0.567s,PASSED
"mouseOver(findTestObject(""Object Repository/Portal/Portal_AccInfo_TypeList_2059HouseCode""))",Chrome 115.0.0.0,,,2024-04-09 14:52:45,2024-04-09 14:52:45,0.744s,PASSED
"click(findTestObject(""Object Repository/Portal/Portal_AccInfo_TypeList_2059HouseCode""))",Chrome 115.0.0.0,,,2024-04-09 14:52:45,2024-04-09 14:52:46,0.627s,PASSED
"click(findTestObject(""Object Repository/Portal/Portal_AccInfo_Button_AddAccount""))",Chrome 115.0.0.0,,,2024-04-09 14:52:46,2024-04-09 14:52:47,0.673s,PASSED
"click(findTestObject(""Object Repository/Portal/Portal_StandardizeAddress_Button_Continue""))",Chrome 115.0.0.0,,,2024-04-09 14:52:47,2024-04-09 14:52:48,0.994s,PASSED
"AccountNumber = getText(findTestObject(""Portal/Portal_NewAccountCreated_Label_AccountNum""))",Chrome 115.0.0.0,,,2024-04-09 14:52:48,2024-04-09 14:52:49,1.445s,PASSED
"click(findTestObject(""Portal/Portal_NewAccountCreated_Button_Continue""))",Chrome 115.0.0.0,,,2024-04-09 14:52:49,2024-04-09 14:52:50,0.657s,PASSED
"click(findTestObject(""Object Repository/Portal/Portal_PolicyDetails_Dropdown_OrgType""))",Chrome 115.0.0.0,,,2024-04-09 14:52:50,2024-04-09 14:52:54,3.956s,PASSED
"click(findTestObject(""Object Repository/Portal/Portal_PolDetails_OrgType_TypeList_Individual""))",Chrome 115.0.0.0,,,2024-04-09 14:52:54,2024-04-09 14:52:54,0.670s,PASSED
"mouseOver(findTestObject(""Object Repository/Portal/Portal_PolDetails_TextBox_SSN""), STOP_ON_FAILURE)",Chrome 115.0.0.0,,,2024-04-09 14:52:54,2024-04-09 14:52:55,0.710s,PASSED
"click(findTestObject(""Object Repository/Portal/Portal_PolDetails_TextBox_SSN""), STOP_ON_FAILURE)",Chrome 115.0.0.0,,,2024-04-09 14:52:55,2024-04-09 14:52:56,0.698s,PASSED
"sendKeys(findTestObject(""Object Repository/Portal/Portal_PolDetails_TextBox_SSN""), Keys.chord(""123456789""))",Chrome 115.0.0.0,,,2024-04-09 14:52:56,2024-04-09 14:52:57,1.080s,PASSED
"click(findTestObject(""Object Repository/Portal/Portal_PolicyDetails_Button_Save""))",Chrome 115.0.0.0,,,2024-04-09 14:52:57,2024-04-09 14:52:58,0.832s,PASSED
takeFullPageScreenshot(),Chrome 115.0.0.0,,,2024-04-09 14:52:58,2024-04-09 14:52:59,1.573s,PASSED
"click(findTestObject(""Object Repository/Portal/Portal_Common_Button_NextLoc""))",Chrome 115.0.0.0,,,2024-04-09 14:52:59,2024-04-09 14:53:00,0.557s,PASSED
"waitForElementHasAttribute(findTestObject(""Object Repository/Portal/Portal_Loc_Header_Loc""), ""Step 3: Locations"", 10)",Chrome 115.0.0.0,,,2024-04-09 14:53:00,2024-04-09 14:53:12,12.366s,PASSED
"verifyElementText(findTestObject(""Object Repository/Portal/Portal_Loc_Header_Loc""), ""Step 3: Locations"")",Chrome 115.0.0.0,,,2024-04-09 14:53:12,2024-04-09 14:53:13,0.401s,PASSED
"setText(findTestObject(""Object Repository/Portal/Portal_Loc_TextBox_MaxNumOfEmp""), ""51"")",Chrome 115.0.0.0,,,2024-04-09 14:53:13,2024-04-09 14:53:13,0.839s,PASSED
"click(findTestObject(""Object Repository/Portal/Portal_Loc_TextBox_WorkClassification""))",Chrome 115.0.0.0,,,2024-04-09 14:53:13,2024-04-09 14:53:15,1.633s,PASSED
"click(findTestObject(""Object Repository/Portal/Portal_Loc_WorkClassification_TypeList_0005""))",Chrome 115.0.0.0,,,2024-04-09 14:53:15,2024-04-09 14:53:16,0.845s,PASSED
"setText(findTestObject(""Object Repository/Portal/Portal_Loc_TextBox_TotalPayroll""), ""5000"")",Chrome 115.0.0.0,,,2024-04-09 14:53:16,2024-04-09 14:53:17,0.944s,PASSED
"setText(findTestObject(""Object Repository/Portal/Portal_Loc_TextBox_FullTimeEmployees""), ""10"")",Chrome 115.0.0.0,,,2024-04-09 14:53:17,2024-04-09 14:53:18,0.998s,PASSED
"setText(findTestObject(""Object Repository/Portal/Portal_Loc_TextBox_PartTimeEmployees""), ""10"")",Chrome 115.0.0.0,,,2024-04-09 14:53:18,2024-04-09 14:53:19,1.111s,PASSED
"click(findTestObject(""Object Repository/Portal/Portal_Loc_Button_Save""))",Chrome 115.0.0.0,,,2024-04-09 14:53:19,2024-04-09 14:53:20,0.822s,PASSED
takeFullPageScreenshot(),Chrome 115.0.0.0,,,2024-04-09 14:53:20,2024-04-09 14:53:20,0.729s,PASSED
"click(findTestObject(""Object Repository/Portal/Portal_Common_Button_NextStateCov""))",Chrome 115.0.0.0,,,2024-04-09 14:53:20,2024-04-09 14:53:21,0.458s,PASSED
"waitForElementHasAttribute(findTestObject(""Object Repository/Portal/Portal_Cov_Header_Coverages""), ""Step 4: Coverages"", 10)",Chrome 115.0.0.0,,,2024-04-09 14:53:21,2024-04-09 14:53:34,12.706s,PASSED
"verifyElementText(findTestObject(""Object Repository/Portal/Portal_Cov_Header_Coverages""), ""Step 4: Coverages"")",Chrome 115.0.0.0,,,2024-04-09 14:53:34,2024-04-09 14:53:34,0.356s,PASSED
"click(findTestObject(""Portal/Portal_StateCov_Chkbox_ExpRating""))",Chrome 115.0.0.0,,,2024-04-09 14:53:34,2024-04-09 14:53:35,0.534s,PASSED
"setText(findTestObject(""Portal/Portal_StateCov_input_ExpRating""), ""10"")",Chrome 115.0.0.0,,,2024-04-09 14:53:35,2024-04-09 14:53:37,2.162s,PASSED
"click(findTestObject(""Portal/Portal_StateCov_Checkbox_ContractingClassAdj""))",Chrome 115.0.0.0,,,2024-04-09 14:53:37,2024-04-09 14:53:37,0.615s,PASSED
"click(findTestObject(""Portal/Portal_StateCov_TypeList_ContractingClassAdj""))",Chrome 115.0.0.0,,,2024-04-09 14:53:37,2024-04-09 14:53:39,1.710s,PASSED
"click(findTestObject(""Portal/Portal_StateCov_Select_Credit_5_ContractingClassAdj""))",Chrome 115.0.0.0,,,2024-04-09 14:53:39,2024-04-09 14:53:40,0.570s,PASSED
"click(findTestObject(""Object Repository/Portal/Portal_StateCov_Button_NextLineCov""))",Chrome 115.0.0.0,,,2024-04-09 14:53:40,2024-04-09 14:53:41,1.563s,PASSED
"click(findTestObject(""Object Repository/Portal/Portal_LineCov_button_NextSupplementalQues""))",Chrome 115.0.0.0,,,2024-04-09 14:53:41,2024-04-09 14:53:44,2.471s,PASSED
"click(findTestObject(""Object Repository/Portal/Portal_Supplemental_CheckBox_IhaveReviewed""))",Chrome 115.0.0.0,,,2024-04-09 14:53:44,2024-04-09 14:53:46,2.444s,PASSED
takeFullPageScreenshot(),Chrome 115.0.0.0,,,2024-04-09 14:53:46,2024-04-09 14:53:47,1.343s,PASSED
"click(findTestObject(""Object Repository/Portal/Portal_Common_Button_NextQuote""))",Chrome 115.0.0.0,,,2024-04-09 14:53:47,2024-04-09 14:53:48,0.408s,PASSED
"waitForElementHasAttribute(findTestObject(""Object Repository/Portal/Portal_Quote_Header_Quote""), ""Step 6: Quote"", 10)",Chrome 115.0.0.0,,,2024-04-09 14:53:48,2024-04-09 14:54:09,20.795s,PASSED
"verifyElementText(findTestObject(""Object Repository/Portal/Portal_Quote_Header_Quote""), ""Step 6: Quote"")",Chrome 115.0.0.0,,,2024-04-09 14:54:09,2024-04-09 14:54:09,0.435s,PASSED
"verifyElementPresent(findTestObject(""Object Repository/Portal/Portal_Quote_Label_SubmissionNum""), 30)",Chrome 115.0.0.0,,,2024-04-09 14:54:09,2024-04-09 14:54:09,0.403s,PASSED
"SubmissionNumber = getText(findTestObject(""Object Repository/Portal/Portal_Quote_Label_SubmissionNum""))",Chrome 115.0.0.0,,,2024-04-09 14:54:09,2024-04-09 14:54:10,0.415s,PASSED
takeFullPageScreenshot(),Chrome 115.0.0.0,,,2024-04-09 14:54:10,2024-04-09 14:54:11,1.581s,PASSED
"click(findTestObject(""Portal/Portal_Quote_Button_NextAdditionalInfo""))",Chrome 115.0.0.0,,,2024-04-09 14:54:11,2024-04-09 14:54:12,0.466s,PASSED
"waitForElementHasAttribute(findTestObject(""Portal/Portal_Common_Label_Header""), ""Step 7: Additional Info"", 10)",Chrome 115.0.0.0,,,2024-04-09 14:54:12,2024-04-09 14:54:25,13.037s,PASSED
"verifyElementText(findTestObject(""Portal/Portal_Common_Label_Header""), ""Step 7: Additional Info"")",Chrome 115.0.0.0,,,2024-04-09 14:54:25,2024-04-09 14:54:25,0.390s,PASSED
"setText(findTestObject(""Portal/Portal_AddInfo_TextArea_DescriptionOfOp""), ""Individual"")",Chrome 115.0.0.0,,,2024-04-09 14:54:25,2024-04-09 14:54:26,1.115s,PASSED
"setText(findTestObject(""Portal/Portal_AccAndInsCont_TextBox_FirstName""), ""AccAndIns_FirstName"")",Chrome 115.0.0.0,,,2024-04-09 14:54:26,2024-04-09 14:54:28,1.068s,PASSED
"setText(findTestObject(""Portal/Portal_AccAndInsCont_TextBox_LastName""), ""LastName"" + RandomStringUtils.randomAlphabetic(5))",Chrome 115.0.0.0,,,2024-04-09 14:54:28,2024-04-09 14:54:28,0.920s,PASSED
"sendKeys(findTestObject(""Portal/Portal_AccAndIns_TextBox_PhoneNum""), Keys.chord(""8567123411""))",Chrome 115.0.0.0,,,2024-04-09 14:54:28,2024-04-09 14:54:29,0.535s,PASSED
"click(findTestObject(""Portal/Portal_Common_Button_Save""))",Chrome 115.0.0.0,,,2024-04-09 14:54:29,2024-04-09 14:54:30,0.707s,PASSED
"setText(findTestObject(""Portal/Portal_AccInfo_TextBox_FirstName""), ""Test"")",Chrome 115.0.0.0,,,2024-04-09 14:54:30,2024-04-09 14:54:31,0.947s,PASSED
"setText(findTestObject(""Portal/Portal_AccInfo_TextBox_LastName""), ""Person"")",Chrome 115.0.0.0,,,2024-04-09 14:54:31,2024-04-09 14:54:32,0.899s,PASSED
"setText(findTestObject(""Portal/Portal_FirstCall_TextBox_EmailAddress""), ""ssomasundaram@hastingsmutual.com"")",Chrome 115.0.0.0,,,2024-04-09 14:54:32,2024-04-09 14:54:33,1.392s,PASSED
"setText(findTestObject(""Portal/Portal_AdditionalInfo_input_WI_BureauID""), ""912275645"")",Chrome 115.0.0.0,,,2024-04-09 14:54:33,2024-04-09 14:54:34,1.115s,PASSED
takeFullPageScreenshot(),Chrome 115.0.0.0,,,2024-04-09 14:54:34,2024-04-09 14:54:36,1.818s,PASSED
"click(findTestObject(""Portal/Portal_Common_Button_NextReview""))",Chrome 115.0.0.0,,,2024-04-09 14:54:36,2024-04-09 14:54:36,0.464s,PASSED
"waitForElementHasAttribute(findTestObject(""Portal/Portal_Common_Label_Header""), ""Step 8: Review"", 10)",Chrome 115.0.0.0,,,2024-04-09 14:54:36,2024-04-09 14:54:54,17.374s,PASSED
"verifyElementText(findTestObject(""Portal/Portal_Common_Label_Header""), ""Step 8: Review"")",Chrome 115.0.0.0,,,2024-04-09 14:54:54,2024-04-09 14:54:54,0.425s,PASSED
"comment(""User should be able to quote the submission in Portal"")",Chrome 115.0.0.0,,,2024-04-09 14:54:54,2024-04-09 14:54:54,0.003s,PASSED
SubmissionNumber = SubmissionNumber,Chrome 115.0.0.0,,,2024-04-09 14:54:54,2024-04-09 14:54:54,0.001s,PASSED
takeFullPageScreenshot(),Chrome 115.0.0.0,,,2024-04-09 14:54:54,2024-04-09 14:54:56,1.541s,PASSED
"comment(""Login to PC and approve UW issues"")",Chrome 115.0.0.0,,,2024-04-09 14:54:56,2024-04-09 14:54:56,0.003s,PASSED
"callTestCase(findTestCase(""PolicyCenter_Pages/PC_CommonScreens/PC_Login""), [""PC_Username"":PC_Username, ""PC_Password"":PC_Password], STOP_ON_FAILURE)",Chrome 115.0.0.0,,,2024-04-09 14:54:56,2024-04-09 14:55:44,48.604s,PASSED
"SubmissionNumber = SubmissionNumber.replace(""Quote No. "", """")",Chrome 115.0.0.0,,,2024-04-09 14:55:44,2024-04-09 14:55:44,0.000s,PASSED
"callTestCase(findTestCase(""PolicyCenter_Pages/PC_CommonScreens/PC_SearchSubmission""), [""SubmissionNumber"":SubmissionNumber], STOP_ON_FAILURE)",Chrome 115.0.0.0,,,2024-04-09 14:55:44,2024-04-09 14:55:47,2.279s,PASSED
"click(findTestObject(""PolicyCenter/PolicyCenterObjects/PC_Common_LeftPanel_RiskAnalysis""))",Chrome 115.0.0.0,,,2024-04-09 14:55:47,2024-04-09 14:55:48,1.444s,PASSED
"verifyElementText(findTestObject(""PolicyCenter/PolicyCenterObjects/PC_Common_Label_Title""), ""Risk Analysis"")",Chrome 115.0.0.0,,,2024-04-09 14:55:48,2024-04-09 14:55:49,1.416s,PASSED
"callTestCase(findTestCase(""PolicyCenter_Pages/PC_CommonScreens/PC_RiskAnalysisScreen_ApproveUWIssues""), [:], STOP_ON_FAILURE)",Chrome 115.0.0.0,,,2024-04-09 14:55:49,2024-04-09 14:56:10,20.383s,PASSED
"click(findTestObject(""PolicyCenter/PolicyCenterObjects/PC_Common_Button_ReleaseLock""), OPTIONAL)",Chrome 115.0.0.0,,,2024-04-09 14:56:10,2024-04-09 14:56:43,33.567s,PASSED
"selectOptionByLabel(findTestObject(""PolicyCenter/PolicyCenterObjects/PC_UWActivity_Dropdown_AssignTo""), ""Test Processor3 (Renewal Com Proc)"", false, OPTIONAL)",Chrome 115.0.0.0,,,2024-04-09 14:56:43,2024-04-09 14:57:17,33.652s,PASSED
"click(findTestObject(""PolicyCenter/PolicyCenterObjects/PC_UWActivity_Button_Release""), OPTIONAL)",Chrome 115.0.0.0,,,2024-04-09 14:57:17,2024-04-09 14:57:51,33.548s,PASSED
takeFullPageScreenshot(),Chrome 115.0.0.0,,,2024-04-09 14:57:51,2024-04-09 14:57:51,0.537s,PASSED
"callTestCase(findTestCase(""PolicyCenter_Pages/PC_CommonScreens/PC_LogOut""), [:], STOP_ON_FAILURE)",Chrome 115.0.0.0,,,2024-04-09 14:57:51,2024-04-09 14:57:53,1.679s,PASSED
"callTestCase(findTestCase(""Portal_Pages/Portal_CommonScreens/Portal_Login""), [""Portal_Username"":Portal_Username, ""Portal_Password"":Portal_Password], STOP_ON_FAILURE)",Chrome 115.0.0.0,,,2024-04-09 14:57:53,2024-04-09 14:58:51,58.187s,PASSED
"click(findTestObject(""Object Repository/Portal/Portal_Common_Tab_Quote""))",Chrome 115.0.0.0,,,2024-04-09 14:58:51,2024-04-09 14:58:59,7.587s,PASSED
"comment(""User should able to search the quote in Portal"")",Chrome 115.0.0.0,,,2024-04-09 14:58:59,2024-04-09 14:58:59,0.002s,PASSED
"verifyElementText(findTestObject(""Object Repository/Portal/Portal_Quote_Header_NewBusinessDashboard""), ""New Business Dashboard"")",Chrome 115.0.0.0,,,2024-04-09 14:58:59,2024-04-09 14:59:29,30.145s,PASSED
"setText(findTestObject(""Object Repository/Portal/Portal_Quote_TextBox_SearchFor""), SubmissionNumber)",Chrome 115.0.0.0,,,2024-04-09 14:59:29,2024-04-09 15:00:28,59.282s,PASSED
waitForPageLoad(10),Chrome 115.0.0.0,,,2024-04-09 15:00:28,2024-04-09 15:00:28,0.025s,PASSED
"click(findTestObject(""Object Repository/Portal/Portal_Quote_Button_Search""))",Chrome 115.0.0.0,,,2024-04-09 15:00:28,2024-04-09 15:00:28,0.391s,PASSED
waitForPageLoad(10),Chrome 115.0.0.0,,,2024-04-09 15:00:28,2024-04-09 15:00:28,0.013s,PASSED
"click(findTestObject(""Portal/Portal_Quote_Table_QuoteNum"", [""SubmissionNumber"":SubmissionNumber]))",Chrome 115.0.0.0,,,2024-04-09 15:00:28,2024-04-09 15:00:33,4.526s,PASSED
takeFullPageScreenshot(),Chrome 115.0.0.0,,,2024-04-09 15:00:33,2024-04-09 15:00:33,0.479s,PASSED
"waitForElementHasAttribute(findTestObject(""Portal/Portal_Common_Label_Header""), ""Step 8: Review"", 10)",Chrome 115.0.0.0,,,2024-04-09 15:00:33,2024-04-09 15:00:47,13.298s,PASSED
"verifyElementText(findTestObject(""Portal/Portal_Common_Label_Header""), ""Step 8: Review"")",Chrome 115.0.0.0,,,2024-04-09 15:00:47,2024-04-09 15:00:47,0.377s,PASSED
takeFullPageScreenshot(),Chrome 115.0.0.0,,,2024-04-09 15:00:47,2024-04-09 15:00:48,1.270s,PASSED
"click(findTestObject(""Portal/Portal_Common_Button_NextPayment""))",Chrome 115.0.0.0,,,2024-04-09 15:00:48,2024-04-09 15:00:49,0.397s,PASSED
"waitForElementHasAttribute(findTestObject(""Portal/Portal_Common_Label_Header""), ""Step 9: Payment"", 10, OPTIONAL)",Chrome 115.0.0.0,,,2024-04-09 15:00:49,2024-04-09 15:00:59,10.528s,PASSED
"verifyElementText(findTestObject(""Portal/Portal_Common_Label_Header""), ""Step 9: Payment"", OPTIONAL)",Chrome 115.0.0.0,,,2024-04-09 15:00:59,2024-04-09 15:01:00,0.481s,PASSED
"mouseOver(findTestObject(""Portal/Portal_Payment_DirectBill_PaymentPlan_Radio_FullPay""))",Chrome 115.0.0.0,,,2024-04-09 15:01:00,2024-04-09 15:01:33,33.535s,FAILED
,,,,,,,
Test Cases/Portal_WorkersCompensation/WC_SmokeTest_AllState/Portal_SmokeTest_INState,Chrome 115.0.0.0,,,2024-04-09 15:01:33,2024-04-09 15:06:53,5m - 19.871s,FAILED
"comment(""Portal Smoke Test"")",Chrome 115.0.0.0,,,2024-04-09 15:01:34,2024-04-09 15:01:34,0.002s,PASSED
"callTestCase(findTestCase(""Portal_Pages/Portal_CommonScreens/Portal_Login""), [""Portal_Username"":Portal_Username, ""Portal_Password"":Portal_Password], STOP_ON_FAILURE)",Chrome 115.0.0.0,,,2024-04-09 15:01:34,2024-04-09 15:02:35,1m - 0.767s,PASSED
"click(findTestObject(""Object Repository/Portal/Portal_Common_Tab_Quote""))",Chrome 115.0.0.0,,,2024-04-09 15:02:35,2024-04-09 15:02:46,10.980s,PASSED
"comment(""User is able to Initiate the quote successfully"")",Chrome 115.0.0.0,,,2024-04-09 15:02:46,2024-04-09 15:02:46,0.004s,PASSED
"verifyElementText(findTestObject(""Object Repository/Portal/Portal_Quote_Header_NewBusinessDashboard""), ""New Business Dashboard"")",Chrome 115.0.0.0,,,2024-04-09 15:02:46,2024-04-09 15:03:16,30.182s,PASSED
"click(findTestObject(""Object Repository/Portal/Portal_Quote_Title_StartANewBusiness""))",Chrome 115.0.0.0,,,2024-04-09 15:03:16,2024-04-09 15:03:46,30.192s,PASSED
"click(findTestObject(""Object Repository/Portal/Portal_Quote_Dropdown_SelectLineOfBusiness""))",Chrome 115.0.0.0,,,2024-04-09 15:03:46,2024-04-09 15:03:52,6.290s,PASSED
"click(findTestObject(""Object Repository/Portal/Portal_LOB_TypeList_WorkersComp""))",Chrome 115.0.0.0,,,2024-04-09 15:03:52,2024-04-09 15:03:53,0.547s,PASSED
"click(findTestObject(""Object Repository/Portal/Portal_Common_Button_Next""))",Chrome 115.0.0.0,,,2024-04-09 15:03:53,2024-04-09 15:03:57,3.668s,PASSED
"verifyElementText(findTestObject(""Object Repository/Portal/Portal_PreQual_Title_PreQualification""), ""Pre-Qualification"")",Chrome 115.0.0.0,,,2024-04-09 15:03:57,2024-04-09 15:04:01,4.642s,PASSED
"comment(""Prequalification statement should be displayed."")",Chrome 115.0.0.0,,,2024-04-09 15:04:01,2024-04-09 15:04:01,0.003s,PASSED
"click(findTestObject(""Object Repository/Portal/Portal_PreQual_CheckBox_RiskDoesNotHaveAny""))",Chrome 115.0.0.0,,,2024-04-09 15:04:01,2024-04-09 15:04:02,0.512s,PASSED
"click(findTestObject(""Object Repository/Portal/Portal_PreQual_Button_Agree""))",Chrome 115.0.0.0,,,2024-04-09 15:04:02,2024-04-09 15:04:02,0.549s,PASSED
"waitForElementHasAttribute(findTestObject(""Object Repository/Portal/Portal_AccInfo_Header_AccInfo""), ""Step 1: Account Information"", 10)",Chrome 115.0.0.0,,,2024-04-09 15:04:02,2024-04-09 15:04:13,10.970s,PASSED
"verifyElementText(findTestObject(""Object Repository/Portal/Portal_AccInfo_Header_AccInfo""), ""Step 1: Account Information"")",Chrome 115.0.0.0,,,2024-04-09 15:04:13,2024-04-09 15:04:14,0.387s,PASSED
"comment(""User successfully navigated to Account Information screen"")",Chrome 115.0.0.0,,,2024-04-09 15:04:14,2024-04-09 15:04:14,0.001s,PASSED
"click(findTestObject(""Object Repository/Portal/Portal_AccInfo_Dropdown_SearchOrQuoteFor""))",Chrome 115.0.0.0,,,2024-04-09 15:04:14,2024-04-09 15:04:14,0.469s,PASSED
"click(findTestObject(""Object Repository/Portal/Portal_AccInfo_TypeList_Individual""))",Chrome 115.0.0.0,,,2024-04-09 15:04:14,2024-04-09 15:04:15,0.552s,PASSED
"setText(findTestObject(""Object Repository/Portal/Portal_AccInfo_TextBox_FirstName""), ""Auto_FirstName"")",Chrome 115.0.0.0,,,2024-04-09 15:04:15,2024-04-09 15:04:16,0.923s,PASSED
"setText(findTestObject(""Object Repository/Portal/Portal_AccInfo_TextBox_LastName""), ""LastName"" + RandomStringUtils.randomAlphabetic(5))",Chrome 115.0.0.0,,,2024-04-09 15:04:16,2024-04-09 15:04:16,0.802s,PASSED
"setText(findTestObject(""Object Repository/Portal/Portal_AccInfo_TextBox_ZipCode""), ""46268"")",Chrome 115.0.0.0,,,2024-04-09 15:04:16,2024-04-09 15:04:17,0.817s,PASSED
"click(findTestObject(""Object Repository/Portal/Portal_AccInfo_Button_CreateNewAcc""))",Chrome 115.0.0.0,,,2024-04-09 15:04:17,2024-04-09 15:04:18,0.503s,PASSED
"verifyElementText(findTestObject(""Object Repository/Portal/Portal_AccInfo_SubTitle_AddNewAcc""), ""Add a New Account"")",Chrome 115.0.0.0,,,2024-04-09 15:04:18,2024-04-09 15:04:19,1.638s,PASSED
"mouseOver(findTestObject(""Object Repository/Portal/Portal_AccountInfo_Dropdown_ProducerCode""), STOP_ON_FAILURE)",Chrome 115.0.0.0,,,2024-04-09 15:04:19,2024-04-09 15:04:20,0.510s,PASSED
"setText(findTestObject(""Object Repository/Portal/Portal_AccInfo_TextBox_Address""), ""3221 W 86th St"")",Chrome 115.0.0.0,,,2024-04-09 15:04:20,2024-04-09 15:04:21,0.772s,PASSED
"sendKeys(findTestObject(""Object Repository/Portal/Portal_AccInfo_TextBox_Address""), Keys.chord(SPACE))",Chrome 115.0.0.0,,,2024-04-09 15:04:21,2024-04-09 15:04:21,0.767s,PASSED
"click(findTestObject(""Object Repository/Portal/Portal_AccInfo_TypeList_1stAddress""), OPTIONAL)",Chrome 115.0.0.0,,,2024-04-09 15:04:21,2024-04-09 15:04:22,0.660s,PASSED
waitForPageLoad(10),Chrome 115.0.0.0,,,2024-04-09 15:04:22,2024-04-09 15:04:22,0.020s,PASSED
"mouseOver(findTestObject(""Object Repository/Portal/Portal_AccountInfo_Dropdown_ProducerCode""))",Chrome 115.0.0.0,,,2024-04-09 15:04:22,2024-04-09 15:04:23,0.793s,PASSED
"click(findTestObject(""Object Repository/Portal/Portal_AccountInfo_Dropdown_ProducerCode""))",Chrome 115.0.0.0,,,2024-04-09 15:04:23,2024-04-09 15:04:23,0.463s,PASSED
"mouseOver(findTestObject(""Object Repository/Portal/Portal_AccInfo_TypeList_2059HouseCode""))",Chrome 115.0.0.0,,,2024-04-09 15:04:23,2024-04-09 15:04:24,0.633s,PASSED
"click(findTestObject(""Object Repository/Portal/Portal_AccInfo_TypeList_2059HouseCode""))",Chrome 115.0.0.0,,,2024-04-09 15:04:24,2024-04-09 15:04:24,0.447s,PASSED
"click(findTestObject(""Object Repository/Portal/Portal_AccInfo_Button_AddAccount""))",Chrome 115.0.0.0,,,2024-04-09 15:04:24,2024-04-09 15:04:25,0.701s,PASSED
"click(findTestObject(""Object Repository/Portal/Portal_StandardizeAddress_Button_Continue""))",Chrome 115.0.0.0,,,2024-04-09 15:04:25,2024-04-09 15:04:27,1.851s,PASSED
"AccountNumber = getText(findTestObject(""Portal/Portal_NewAccountCreated_Label_AccountNum""), OPTIONAL)",Chrome 115.0.0.0,,,2024-04-09 15:04:27,2024-04-09 15:05:00,33.394s,PASSED
"click(findTestObject(""Portal/Portal_NewAccountCreated_Button_Continue""), OPTIONAL)",Chrome 115.0.0.0,,,2024-04-09 15:05:00,2024-04-09 15:05:34,33.689s,PASSED
"click(findTestObject(""Object Repository/Portal/Portal_PolicyDetails_Dropdown_OrgType""))",Chrome 115.0.0.0,,,2024-04-09 15:05:34,2024-04-09 15:05:35,0.456s,PASSED
"click(findTestObject(""Object Repository/Portal/Portal_PolDetails_OrgType_TypeList_Individual""))",Chrome 115.0.0.0,,,2024-04-09 15:05:35,2024-04-09 15:05:35,0.571s,PASSED
"mouseOver(findTestObject(""Object Repository/Portal/Portal_PolDetails_TextBox_SSN""), STOP_ON_FAILURE)",Chrome 115.0.0.0,,,2024-04-09 15:05:35,2024-04-09 15:05:36,0.672s,PASSED
"click(findTestObject(""Object Repository/Portal/Portal_PolDetails_TextBox_SSN""), STOP_ON_FAILURE)",Chrome 115.0.0.0,,,2024-04-09 15:05:36,2024-04-09 15:05:36,0.469s,PASSED
"sendKeys(findTestObject(""Object Repository/Portal/Portal_PolDetails_TextBox_SSN""), Keys.chord(""123456789""))",Chrome 115.0.0.0,,,2024-04-09 15:05:36,2024-04-09 15:05:37,0.809s,PASSED
"click(findTestObject(""Object Repository/Portal/Portal_PolicyDetails_Button_Save""))",Chrome 115.0.0.0,,,2024-04-09 15:05:37,2024-04-09 15:05:38,0.709s,PASSED
takeFullPageScreenshot(),Chrome 115.0.0.0,,,2024-04-09 15:05:38,2024-04-09 15:05:39,1.050s,PASSED
"click(findTestObject(""Object Repository/Portal/Portal_Common_Button_NextLoc""))",Chrome 115.0.0.0,,,2024-04-09 15:05:39,2024-04-09 15:05:39,0.407s,PASSED
"waitForElementHasAttribute(findTestObject(""Object Repository/Portal/Portal_Loc_Header_Loc""), ""Step 3: Locations"", 10)",Chrome 115.0.0.0,,,2024-04-09 15:05:39,2024-04-09 15:05:53,13.371s,PASSED
"verifyElementText(findTestObject(""Object Repository/Portal/Portal_Loc_Header_Loc""), ""Step 3: Locations"")",Chrome 115.0.0.0,,,2024-04-09 15:05:53,2024-04-09 15:05:53,0.368s,PASSED
"setText(findTestObject(""Object Repository/Portal/Portal_Loc_TextBox_MaxNumOfEmp""), ""51"")",Chrome 115.0.0.0,,,2024-04-09 15:05:53,2024-04-09 15:05:54,0.760s,PASSED
"click(findTestObject(""Object Repository/Portal/Portal_Loc_TextBox_WorkClassification""))",Chrome 115.0.0.0,,,2024-04-09 15:05:54,2024-04-09 15:05:55,0.804s,PASSED
"click(findTestObject(""Object Repository/Portal/Portal_Loc_WorkClassification_TypeList_0005""))",Chrome 115.0.0.0,,,2024-04-09 15:05:55,2024-04-09 15:05:55,0.624s,PASSED
"setText(findTestObject(""Object Repository/Portal/Portal_Loc_TextBox_TotalPayroll""), ""5000"")",Chrome 115.0.0.0,,,2024-04-09 15:05:55,2024-04-09 15:05:56,0.896s,PASSED
"setText(findTestObject(""Object Repository/Portal/Portal_Loc_TextBox_FullTimeEmployees""), ""10"")",Chrome 115.0.0.0,,,2024-04-09 15:05:56,2024-04-09 15:05:57,0.830s,PASSED
"setText(findTestObject(""Object Repository/Portal/Portal_Loc_TextBox_PartTimeEmployees""), ""10"")",Chrome 115.0.0.0,,,2024-04-09 15:05:57,2024-04-09 15:05:58,0.950s,PASSED
"click(findTestObject(""Object Repository/Portal/Portal_Loc_Button_Save""))",Chrome 115.0.0.0,,,2024-04-09 15:05:58,2024-04-09 15:05:58,0.585s,PASSED
takeFullPageScreenshot(),Chrome 115.0.0.0,,,2024-04-09 15:05:58,2024-04-09 15:05:59,0.751s,PASSED
"click(findTestObject(""Object Repository/Portal/Portal_Common_Button_NextStateCov""))",Chrome 115.0.0.0,,,2024-04-09 15:05:59,2024-04-09 15:06:00,0.444s,PASSED
"waitForElementHasAttribute(findTestObject(""Object Repository/Portal/Portal_Cov_Header_Coverages""), ""Step 4: Coverages"", 10)",Chrome 115.0.0.0,,,2024-04-09 15:06:00,2024-04-09 15:06:12,11.991s,PASSED
"verifyElementText(findTestObject(""Object Repository/Portal/Portal_Cov_Header_Coverages""), ""Step 4: Coverages"")",Chrome 115.0.0.0,,,2024-04-09 15:06:12,2024-04-09 15:06:12,0.384s,PASSED
"click(findTestObject(""Portal/Portal_StateCov_Chkbox_ExpRating""))",Chrome 115.0.0.0,,,2024-04-09 15:06:12,2024-04-09 15:06:12,0.461s,PASSED
"setText(findTestObject(""Portal/Portal_StateCov_input_ExpRating""), ""10"")",Chrome 115.0.0.0,,,2024-04-09 15:06:12,2024-04-09 15:06:15,2.260s,PASSED
"click(findTestObject(""Object Repository/Portal/Portal_StateCov_Button_NextLineCov""))",Chrome 115.0.0.0,,,2024-04-09 15:06:15,2024-04-09 15:06:15,0.559s,PASSED
"click(findTestObject(""Object Repository/Portal/Portal_LineCov_button_NextSupplementalQues""))",Chrome 115.0.0.0,,,2024-04-09 15:06:15,2024-04-09 15:06:17,1.726s,PASSED
"click(findTestObject(""Object Repository/Portal/Portal_Supplemental_CheckBox_IhaveReviewed""))",Chrome 115.0.0.0,,,2024-04-09 15:06:17,2024-04-09 15:06:53,36.180s,FAILED
,,,,,,,
Test Cases/Portal_WorkersCompensation/WC_SmokeTest_AllState/Portal_SmokeTest_MIState,Chrome 115.0.0.0,,,2024-04-09 15:06:53,2024-04-09 15:11:42,4m - 48.526s,FAILED
"comment(""Portal Smoke Test"")",Chrome 115.0.0.0,,,2024-04-09 15:06:54,2024-04-09 15:06:54,0.002s,PASSED
"callTestCase(findTestCase(""Portal_Pages/Portal_CommonScreens/Portal_Login""), [""Portal_Username"":Portal_Username, ""Portal_Password"":Portal_Password], STOP_ON_FAILURE)",Chrome 115.0.0.0,,,2024-04-09 15:06:54,2024-04-09 15:07:52,57.839s,PASSED
"click(findTestObject(""Object Repository/Portal/Portal_Common_Tab_Quote""))",Chrome 115.0.0.0,,,2024-04-09 15:07:52,2024-04-09 15:07:59,7.291s,PASSED
"comment(""User is able to Initiate the quote successfully"")",Chrome 115.0.0.0,,,2024-04-09 15:07:59,2024-04-09 15:07:59,0.002s,PASSED
"verifyElementText(findTestObject(""Object Repository/Portal/Portal_Quote_Header_NewBusinessDashboard""), ""New Business Dashboard"")",Chrome 115.0.0.0,,,2024-04-09 15:07:59,2024-04-09 15:08:29,30.167s,PASSED
"click(findTestObject(""Object Repository/Portal/Portal_Quote_Title_StartANewBusiness""))",Chrome 115.0.0.0,,,2024-04-09 15:08:29,2024-04-09 15:08:59,30.237s,PASSED
"click(findTestObject(""Object Repository/Portal/Portal_Quote_Dropdown_SelectLineOfBusiness""))",Chrome 115.0.0.0,,,2024-04-09 15:08:59,2024-04-09 15:09:30,30.230s,PASSED
"click(findTestObject(""Object Repository/Portal/Portal_LOB_TypeList_WorkersComp""))",Chrome 115.0.0.0,,,2024-04-09 15:09:30,2024-04-09 15:10:00,30.168s,PASSED
"click(findTestObject(""Object Repository/Portal/Portal_Common_Button_Next""))",Chrome 115.0.0.0,,,2024-04-09 15:10:00,2024-04-09 15:10:31,31.641s,PASSED
"verifyElementText(findTestObject(""Object Repository/Portal/Portal_PreQual_Title_PreQualification""), ""Pre-Qualification"")",Chrome 115.0.0.0,,,2024-04-09 15:10:31,2024-04-09 15:10:33,1.933s,PASSED
"comment(""Prequalification statement should be displayed."")",Chrome 115.0.0.0,,,2024-04-09 15:10:33,2024-04-09 15:10:33,0.002s,PASSED
"click(findTestObject(""Object Repository/Portal/Portal_PreQual_CheckBox_RiskDoesNotHaveAny""))",Chrome 115.0.0.0,,,2024-04-09 15:10:33,2024-04-09 15:10:34,0.385s,PASSED
"click(findTestObject(""Object Repository/Portal/Portal_PreQual_Button_Agree""))",Chrome 115.0.0.0,,,2024-04-09 15:10:34,2024-04-09 15:10:34,0.495s,PASSED
"waitForElementHasAttribute(findTestObject(""Object Repository/Portal/Portal_AccInfo_Header_AccInfo""), ""Step 1: Account Information"", 10)",Chrome 115.0.0.0,,,2024-04-09 15:10:34,2024-04-09 15:10:45,10.840s,PASSED
"verifyElementText(findTestObject(""Object Repository/Portal/Portal_AccInfo_Header_AccInfo""), ""Step 1: Account Information"")",Chrome 115.0.0.0,,,2024-04-09 15:10:45,2024-04-09 15:10:45,0.349s,PASSED
"comment(""User successfully navigated to Account Information screen"")",Chrome 115.0.0.0,,,2024-04-09 15:10:45,2024-04-09 15:10:45,0.001s,PASSED
"click(findTestObject(""Object Repository/Portal/Portal_AccInfo_Dropdown_SearchOrQuoteFor""))",Chrome 115.0.0.0,,,2024-04-09 15:10:45,2024-04-09 15:10:46,0.425s,PASSED
"click(findTestObject(""Object Repository/Portal/Portal_AccInfo_TypeList_Individual""))",Chrome 115.0.0.0,,,2024-04-09 15:10:46,2024-04-09 15:10:46,0.496s,PASSED
"setText(findTestObject(""Object Repository/Portal/Portal_AccInfo_TextBox_FirstName""), ""Auto_FirstName"")",Chrome 115.0.0.0,,,2024-04-09 15:10:46,2024-04-09 15:10:47,0.937s,PASSED
"setText(findTestObject(""Object Repository/Portal/Portal_AccInfo_TextBox_LastName""), ""LastName"" + RandomStringUtils.randomAlphabetic(5))",Chrome 115.0.0.0,,,2024-04-09 15:10:47,2024-04-09 15:10:48,0.884s,PASSED
"setText(findTestObject(""Object Repository/Portal/Portal_AccInfo_TextBox_ZipCode""), ""49058"")",Chrome 115.0.0.0,,,2024-04-09 15:10:48,2024-04-09 15:10:49,0.809s,PASSED
"click(findTestObject(""Object Repository/Portal/Portal_AccInfo_Button_CreateNewAcc""))",Chrome 115.0.0.0,,,2024-04-09 15:10:49,2024-04-09 15:10:50,0.576s,PASSED
"verifyElementText(findTestObject(""Object Repository/Portal/Portal_AccInfo_SubTitle_AddNewAcc""), ""Add a New Account"")",Chrome 115.0.0.0,,,2024-04-09 15:10:50,2024-04-09 15:10:51,1.038s,PASSED
"mouseOver(findTestObject(""Object Repository/Portal/Portal_AccountInfo_Dropdown_ProducerCode""), STOP_ON_FAILURE)",Chrome 115.0.0.0,,,2024-04-09 15:10:51,2024-04-09 15:10:51,0.488s,PASSED
"setText(findTestObject(""Object Repository/Portal/Portal_AccInfo_TextBox_Address""), ""1618 W M 43 Hwy"")",Chrome 115.0.0.0,,,2024-04-09 15:10:51,2024-04-09 15:10:52,0.702s,PASSED
"sendKeys(findTestObject(""Object Repository/Portal/Portal_AccInfo_TextBox_Address""), Keys.chord(SPACE))",Chrome 115.0.0.0,,,2024-04-09 15:10:52,2024-04-09 15:10:52,0.705s,PASSED
"click(findTestObject(""Object Repository/Portal/Portal_AccInfo_TypeList_1stAddress""), OPTIONAL)",Chrome 115.0.0.0,,,2024-04-09 15:10:52,2024-04-09 15:10:53,0.739s,PASSED
waitForPageLoad(10),Chrome 115.0.0.0,,,2024-04-09 15:10:53,2024-04-09 15:10:53,0.020s,PASSED
"mouseOver(findTestObject(""Object Repository/Portal/Portal_AccountInfo_Dropdown_ProducerCode""))",Chrome 115.0.0.0,,,2024-04-09 15:10:53,2024-04-09 15:10:54,0.762s,PASSED
"click(findTestObject(""Object Repository/Portal/Portal_AccountInfo_Dropdown_ProducerCode""))",Chrome 115.0.0.0,,,2024-04-09 15:10:54,2024-04-09 15:10:54,0.438s,PASSED
"mouseOver(findTestObject(""Object Repository/Portal/Portal_AccInfo_TypeList_2059HouseCode""))",Chrome 115.0.0.0,,,2024-04-09 15:10:54,2024-04-09 15:10:55,0.683s,PASSED
"click(findTestObject(""Object Repository/Portal/Portal_AccInfo_TypeList_2059HouseCode""))",Chrome 115.0.0.0,,,2024-04-09 15:10:55,2024-04-09 15:10:56,0.538s,PASSED
"click(findTestObject(""Object Repository/Portal/Portal_AccInfo_Button_AddAccount""))",Chrome 115.0.0.0,,,2024-04-09 15:10:56,2024-04-09 15:10:56,0.547s,PASSED
"click(findTestObject(""Object Repository/Portal/Portal_StandardizeAddress_Button_Continue""))",Chrome 115.0.0.0,,,2024-04-09 15:10:56,2024-04-09 15:10:57,0.823s,PASSED
"AccountNumber = getText(findTestObject(""Portal/Portal_NewAccountCreated_Label_AccountNum""))",Chrome 115.0.0.0,,,2024-04-09 15:10:57,2024-04-09 15:10:58,1.204s,PASSED
comment(AccountNumber),Chrome 115.0.0.0,,,2024-04-09 15:10:58,2024-04-09 15:10:58,0.001s,PASSED
println(AccountNumber),Chrome 115.0.0.0,,,2024-04-09 15:10:58,2024-04-09 15:10:58,0.003s,PASSED
"click(findTestObject(""Portal/Portal_NewAccountCreated_Button_Continue""))",Chrome 115.0.0.0,,,2024-04-09 15:10:58,2024-04-09 15:10:59,0.448s,PASSED
"click(findTestObject(""Object Repository/Portal/Portal_PolicyDetails_Dropdown_OrgType""))",Chrome 115.0.0.0,,,2024-04-09 15:10:59,2024-04-09 15:11:03,4.129s,PASSED
"click(findTestObject(""Object Repository/Portal/Portal_PolDetails_OrgType_TypeList_Individual""))",Chrome 115.0.0.0,,,2024-04-09 15:11:03,2024-04-09 15:11:03,0.636s,PASSED
"mouseOver(findTestObject(""Object Repository/Portal/Portal_PolDetails_TextBox_SSN""), STOP_ON_FAILURE)",Chrome 115.0.0.0,,,2024-04-09 15:11:03,2024-04-09 15:11:04,0.729s,PASSED
"click(findTestObject(""Object Repository/Portal/Portal_PolDetails_TextBox_SSN""), STOP_ON_FAILURE)",Chrome 115.0.0.0,,,2024-04-09 15:11:04,2024-04-09 15:11:05,0.447s,PASSED
"sendKeys(findTestObject(""Object Repository/Portal/Portal_PolDetails_TextBox_SSN""), Keys.chord(""123456789""))",Chrome 115.0.0.0,,,2024-04-09 15:11:05,2024-04-09 15:11:05,0.712s,PASSED
"click(findTestObject(""Object Repository/Portal/Portal_PolicyDetails_Button_Save""))",Chrome 115.0.0.0,,,2024-04-09 15:11:05,2024-04-09 15:11:06,0.576s,PASSED
takeFullPageScreenshot(),Chrome 115.0.0.0,,,2024-04-09 15:11:06,2024-04-09 15:11:07,0.941s,PASSED
"click(findTestObject(""Object Repository/Portal/Portal_Common_Button_NextLoc""))",Chrome 115.0.0.0,,,2024-04-09 15:11:07,2024-04-09 15:11:07,0.374s,PASSED
"waitForElementHasAttribute(findTestObject(""Object Repository/Portal/Portal_Loc_Header_Loc""), ""Step 3: Locations"", 10)",Chrome 115.0.0.0,,,2024-04-09 15:11:07,2024-04-09 15:11:20,12.899s,PASSED
"verifyElementText(findTestObject(""Object Repository/Portal/Portal_Loc_Header_Loc""), ""Step 3: Locations"")",Chrome 115.0.0.0,,,2024-04-09 15:11:20,2024-04-09 15:11:20,0.312s,PASSED
"setText(findTestObject(""Object Repository/Portal/Portal_Loc_TextBox_MaxNumOfEmp""), ""51"")",Chrome 115.0.0.0,,,2024-04-09 15:11:20,2024-04-09 15:11:21,0.809s,PASSED
"click(findTestObject(""Object Repository/Portal/Portal_Loc_TextBox_WorkClassification""))",Chrome 115.0.0.0,,,2024-04-09 15:11:21,2024-04-09 15:11:22,0.885s,PASSED
"click(findTestObject(""Object Repository/Portal/Portal_Loc_WorkClassification_TypeList_0005""))",Chrome 115.0.0.0,,,2024-04-09 15:11:22,2024-04-09 15:11:23,0.613s,PASSED
"setText(findTestObject(""Object Repository/Portal/Portal_Loc_TextBox_TotalPayroll""), ""5000"")",Chrome 115.0.0.0,,,2024-04-09 15:11:23,2024-04-09 15:11:24,0.878s,PASSED
"setText(findTestObject(""Object Repository/Portal/Portal_Loc_TextBox_FullTimeEmployees""), ""10"")",Chrome 115.0.0.0,,,2024-04-09 15:11:24,2024-04-09 15:11:24,0.869s,PASSED
"setText(findTestObject(""Object Repository/Portal/Portal_Loc_TextBox_PartTimeEmployees""), ""10"")",Chrome 115.0.0.0,,,2024-04-09 15:11:24,2024-04-09 15:11:25,0.956s,PASSED
"click(findTestObject(""Object Repository/Portal/Portal_Loc_Button_Save""))",Chrome 115.0.0.0,,,2024-04-09 15:11:25,2024-04-09 15:11:26,0.574s,PASSED
takeFullPageScreenshot(),Chrome 115.0.0.0,,,2024-04-09 15:11:26,2024-04-09 15:11:27,0.671s,PASSED
"click(findTestObject(""Object Repository/Portal/Portal_Common_Button_NextStateCov""))",Chrome 115.0.0.0,,,2024-04-09 15:11:27,2024-04-09 15:11:27,0.380s,PASSED
"waitForElementHasAttribute(findTestObject(""Object Repository/Portal/Portal_Cov_Header_Coverages""), ""Step 4: Coverages"", 10)",Chrome 115.0.0.0,,,2024-04-09 15:11:27,2024-04-09 15:11:39,12.117s,PASSED
"verifyElementText(findTestObject(""Object Repository/Portal/Portal_Cov_Header_Coverages""), ""Step 4: Coverages"")",Chrome 115.0.0.0,,,2024-04-09 15:11:39,2024-04-09 15:11:40,0.336s,PASSED
"click(findTestObject(""Portal/Portal_StateCov_Chkbox_ExpRating""))",Chrome 115.0.0.0,,,2024-04-09 15:11:40,2024-04-09 15:11:40,0.450s,PASSED
"setText(findTestObject(""Portal/Portal_StateCov_input_ExpRating""), ""3.22"")",Chrome 115.0.0.0,,,2024-04-09 15:11:40,2024-04-09 15:11:42,1.721s,FAILED
